{
  "timestamp": 1768143098.3593862,
  "blocks": [
    {
      "color": "PEN",
      "x": 397.9900817871094,
      "y": 248.43887329101562,
      "angle": -33.865945051044804
    }
  ]
}